PC Name,State,EVM Votes Counted,Postal Votes Counted,EVM Votes Polled, Difference , Margin , Difference > Margin , Postalvotes > Margin 
Adilabad,Telangana, 12,19,982 , 15,615 , 12,21,553 , (1,571), 90,652 ,FALSE,FALSE
Agra,Uttar Pradesh, 11,19,183 , 4,596 , 11,20,864 , (1,681), 2,71,294 ,FALSE,FALSE
Ahmedabad East,Gujarat, 11,14,791 , 13,548 , 11,15,317 , (526), 4,61,755 ,FALSE,FALSE
Ahmedabad West,Gujarat, 9,57,571 , 9,075 , 9,57,573 , (2), 2,86,437 ,FALSE,FALSE
Ahmednagar,Maharashtra, 13,20,318 , 5,159 , 13,20,168 , 150 , 28,929 ,FALSE,FALSE
AJMER,Rajasthan, 11,90,576 , 10,603 , 11,90,561 , 15 , 3,29,991 ,FALSE,FALSE
Akbarpur,Uttar Pradesh, 10,79,818 , 7,135 , 10,79,978 , (160), 44,345 ,FALSE,FALSE
Akola,Maharashtra, 11,67,768 , 5,304 , 11,68,366 , (598), 40,626 ,FALSE,FALSE
Alappuzha,Kerala, 10,42,798 , 15,905 , 10,50,726 , (7,928), 63,513 ,FALSE,FALSE
Alathur,Kerala, 9,81,566 , 10,702 , 9,81,945 , (379), 20,111 ,FALSE,FALSE
Aligarh,Uttar Pradesh, 11,31,155 , 2,211 , 11,37,051 , (5,896), 15,647 ,FALSE,FALSE
Alipurduars,West Bengal, 14,14,597 , 6,792 , 14,14,258 , 339 , 75,447 ,FALSE,FALSE
Allahabad,Uttar Pradesh, 9,45,146 , 1,854 , 9,46,076 , (930), 58,795 ,FALSE,FALSE
Almora,Uttarakhand, 6,52,412 , 16,085 , 6,52,726 , (314), 2,34,097 ,FALSE,FALSE
ALWAR,Rajasthan, 12,37,473 , 15,965 , 12,37,446 , 27 , 48,282 ,FALSE,FALSE
Amalapuram (Sc),Andhra Pradesh, 12,84,957 , 16,149 , 12,84,018 , 939 , 3,42,196 ,FALSE,FALSE
AMBALA,Haryana, 13,44,533 , 2,189 , 13,44,503 , 30 , 49,036 ,FALSE,FALSE
Ambedkar Nagar,Uttar Pradesh, 11,74,672 , 2,390 , 11,76,920 , (2,248), 1,37,247 ,FALSE,FALSE
Amethi,Uttar Pradesh, 9,76,679 , 3,992 , 9,76,053 , 626 , 1,67,196 ,FALSE,FALSE
Amravati,Maharashtra, 11,69,205 , 4,374 , 11,69,121 , 84 , 19,731 ,FALSE,FALSE
Amreli,Gujarat, 8,71,373 , 5,053 , 8,71,373 , -   , 3,21,068 ,FALSE,FALSE
Amritsar,Punjab, 9,03,326 , 2,330 , 9,03,206 , 120 , 40,301 ,FALSE,FALSE
Amroha,Uttar Pradesh, 11,08,635 , 2,055 , 11,08,579 , 56 , 28,670 ,FALSE,FALSE
Anakapalle,Andhra Pradesh, 13,06,348 , 18,984 , 13,09,977 , (3,629), 2,96,530 ,FALSE,FALSE
Anand,Gujarat, 11,56,426 , 11,543 , 11,57,763 , (1,337), 89,939 ,FALSE,FALSE
Anandpur Sahib,Punjab, 10,73,709 , 3,414 , 10,73,572 , 137 , 10,846 ,FALSE,FALSE
Ananthapur,Andhra Pradesh, 14,20,357 , 20,071 , 14,23,108 , (2,751), 1,88,555 ,FALSE,FALSE
ANANTNAG-RAJOURI,Jammu & Kashmir, 10,17,520 , 8,628 , 10,17,451 , 69 , 2,81,794 ,FALSE,FALSE
Andaman & NicobarIslands,Andaman & NicobarIslands, 2,01,992 , 522 , 2,02,018 , (26), 24,396 ,FALSE,FALSE
Aonla,Uttar Pradesh, 10,86,120 , 2,776 , 10,86,687 , (567), 15,969 ,FALSE,FALSE
ARAKKONAM,Tamil Nadu, 11,56,724 , 7,098 , 11,59,441 , (2,717), 3,06,559 ,FALSE,FALSE
Araku (ST),Andhra Pradesh, 11,43,013 , 21,432 , 11,45,426 , (2,413), 50,580 ,FALSE,FALSE
Arambagh,West Bengal, 15,54,300 , 4,779 , 15,55,882 , (1,582), 6,399 ,FALSE,FALSE
ARANI,Tamil Nadu, 11,32,317 , 7,944 , 11,33,520 , (1,203), 2,08,766 ,FALSE,FALSE
Araria,Bihar, 12,50,207 , 2,353 , 12,50,261 , (54), 20,094 ,FALSE,FALSE
Arrah,Bihar, 10,88,409 , 8,152 , 10,88,685 , (276), 59,808 ,FALSE,FALSE
Arunachal East,Arunachal Pradesh, 3,10,213 , 13,230 , 3,12,658 , (2,445), 30,421 ,FALSE,FALSE
Arunachal West,Arunachal Pradesh, 3,79,611 , 20,193 , 3,80,783 , (1,172), 1,00,738 ,FALSE,FALSE
Asansol,West Bengal, 12,96,332 , 5,208 , 12,97,096 , (764), 59,564 ,FALSE,FALSE
Aska,Odisha, 10,16,047 , 1,867 , 10,15,883 , 164 , 99,974 ,FALSE,FALSE
Attingal,Kerala, 9,70,517 , 14,824 , 9,70,517 , -   , 684 ,FALSE,TRUE
Aurangabad,Maharashtra, 12,97,724 , 4,473 , 12,98,227 , (503), 79,111 ,FALSE,FALSE
Aurangabad,Bihar, 9,42,301 , 3,579 , 9,42,382 , (81), 79,111 ,FALSE,FALSE
Azamgarh,Uttar Pradesh, 10,48,948 , 5,572 , 10,49,205 , (257), 1,61,035 ,FALSE,FALSE
Badaun,Uttar Pradesh, 10,90,662 , 1,102 , 10,91,697 , (1,035), 34,991 ,FALSE,FALSE
Bagalkot,Karnataka, 13,11,893 , 5,668 , 13,12,319 , (426), 68,399 ,FALSE,FALSE
Baghpat,Uttar Pradesh, 9,28,628 , 5,145 , 9,28,392 , 236 , 1,59,459 ,FALSE,FALSE
Baharaich,Uttar Pradesh, 10,56,179 , 387 , 10,55,818 , 361 , 64,227 ,FALSE,FALSE
Baharampur,West Bengal, 13,80,981 , 3,789 , 13,82,678 , (1,697), 85,022 ,FALSE,FALSE
BALAGHAT,Madhya Pradesh, 13,77,188 , 5,092 , 13,76,207 , 981 , 1,74,512 ,FALSE,FALSE
Balasore,Odisha, 12,35,600 , 4,035 , 12,34,427 , 1,173 , 1,47,156 ,FALSE,FALSE
Ballia,Uttar Pradesh, 10,01,968 , 5,354 , 10,01,317 , 651 , 43,384 ,FALSE,FALSE
Balurghat,West Bengal, 12,33,664 , 3,644 , 12,35,347 , (1,683), 10,386 ,FALSE,FALSE
Banaskantha,Gujarat, 13,65,141 , 10,762 , 13,65,989 , (848), 30,406 ,FALSE,FALSE
Banda,Uttar Pradesh, 10,42,931 , 1,201 , 10,43,256 , (325), 71,210 ,FALSE,FALSE
Bangalore central,Karnataka, 13,13,862 , 2,648 , 13,15,612 , (1,750), 32,707 ,FALSE,FALSE
Bangalore North,Karnataka, 17,47,729 , 4,775 , 17,50,372 , (2,643), 2,59,476 ,FALSE,FALSE
Bangalore Rural,Karnataka, 19,14,024 , 5,516 , 19,14,030 , (6), 2,69,647 ,FALSE,FALSE
Bangalore South,Karnataka, 12,45,188 , 4,154 , 12,45,168 , 20 , 2,77,083 ,FALSE,FALSE
Bangaon,West Bengal, 14,87,892 , 5,216 , 14,88,209 , (317), 73,693 ,FALSE,FALSE
Banka,Bihar, 10,11,616 , 2,539 , 10,11,513 , 103 , 1,03,844 ,FALSE,FALSE
Bankura,West Bengal, 14,37,806 , 9,868 , 14,37,826 , (20), 32,778 ,FALSE,FALSE
Bansgaon,Uttar Pradesh, 9,41,708 , 3,055 , 9,43,007 , (1,299), 3,150 ,FALSE,FALSE
BANSWARA,Rajasthan, 16,25,747 , 11,105 , 16,25,731 , 16 , 2,47,054 ,FALSE,FALSE
Bapatla (SC),Andhra Pradesh, 12,82,422 , 18,323 , 12,87,704 , (5,282), 2,08,031 ,FALSE,FALSE
Barabanki,Uttar Pradesh, 12,88,381 , 2,253 , 12,89,258 , (877), 2,15,704 ,FALSE,FALSE
Baramati,Maharashtra, 14,10,674 , 1,675 , 14,11,621 , (947), 1,58,333 ,FALSE,FALSE
BARAMULLA,Jammu & Kashmir, 10,26,457 , 7,443 , 10,27,084 , (627), 2,04,142 ,FALSE,FALSE
Barasat,West Bengal, 15,27,533 , 5,068 , 15,27,620 , (87), 1,14,189 ,FALSE,FALSE
Bardhaman-Durgapur,West Bengal, 14,93,984 , 7,789 , 14,94,778 , (794), 1,37,981 ,FALSE,FALSE
Bardhaman Purba,West Bengal, 14,92,448 , 4,862 , 14,92,453 , (5), 1,60,572 ,FALSE,FALSE
Bardoli,Gujarat, 13,24,475 , 14,858 , 13,27,669 , (3,194), 2,30,253 ,FALSE,FALSE
Bareilly,Uttar Pradesh, 11,16,465 , 3,093 , 11,16,749 , (284), 34,804 ,FALSE,FALSE
Bargarh,Odisha, 13,00,266 , 9,598 , 13,02,069 , (1,803), 2,51,667 ,FALSE,FALSE
BARMER,Rajasthan, 16,75,314 , 12,737 , 16,75,276 , 38 , 1,18,176 ,FALSE,FALSE
Barpeta,Assam, 16,75,229 , 10,714 , 16,76,633 , (1,404), 2,22,351 ,FALSE,FALSE
Barrackpur,West Bengal, 11,37,819 , 4,041 , 11,37,763 , 56 , 64,438 ,FALSE,FALSE
Basirhat,West Bengal, 15,19,128 , 4,273 , 15,21,154 , (2,026), 3,33,547 ,FALSE,FALSE
BASTAR,Chhattisgarh, 10,04,596 , 2,799 , 10,05,392 , (796), 55,245 ,FALSE,FALSE
Basti,Uttar Pradesh, 10,77,422 , 5,448 , 10,78,313 , (891), 1,00,994 ,FALSE,FALSE
Bathinda,Punjab, 11,45,264 , 5,906 , 11,45,241 , 23 , 49,656 ,FALSE,FALSE
Beed,Maharashtra, 15,18,614 , 3,681 , 15,19,526 , (912), 6,553 ,FALSE,FALSE
Begusarai,Bihar, 12,88,395 , 6,278 , 12,89,076 , (681), 81,480 ,FALSE,FALSE
Belgaum,Karnataka, 13,75,285 , 8,604 , 13,75,283 , 2 , 1,78,437 ,FALSE,FALSE
Bellary,Karnataka, 13,86,559 , 3,355 , 13,86,553 , 6 , 98,992 ,FALSE,FALSE
Berhampur,Odisha, 10,38,806 , 4,117 , 10,40,924 , (2,118), 1,65,476 ,FALSE,FALSE
BETUL,Maharashtra, 13,93,686 , 2,334 , 13,93,608 , 78 , 3,79,761 ,FALSE,FALSE
Bhadohi,Uttar Pradesh, 10,81,697 , 3,296 , 10,81,465 , 232 , 44,072 ,FALSE,FALSE
Bhadrak,Odisha, 12,91,183 , 6,194 , 12,96,802 , (5,619), 91,544 ,FALSE,FALSE
Bhagalpur,Bihar, 10,61,614 , 2,467 , 10,60,982 , 632 , 1,04,868 ,FALSE,FALSE
Bhandara Gondiya,Maharashtra, 12,24,251 , 10,822 , 12,24,928 , (677), 37,380 ,FALSE,FALSE
BHARATPUR,Rajasthan, 11,16,850 , 16,150 , 11,16,742 , 108 , 51,983 ,FALSE,FALSE
Bharuch,Gujarat, 11,92,000 , 6,964 , 11,91,877 , 123 , 85,696 ,FALSE,FALSE
Bhavnagar,Gujarat, 10,31,533 , 15,699 , 10,33,629 , (2,096), 4,55,289 ,FALSE,FALSE
BHILWARA,Rajasthan, 12,96,244 , 8,151 , 12,96,228 , 16 , 3,54,606 ,FALSE,FALSE
BHIND,Madhya Pradesh, 10,43,084 , 5,923 , 10,44,022 , (938), 64,840 ,FALSE,FALSE
Bhiwandi,Maharashtra, 12,49,338 , 4,061 , 12,50,090 , (752), 66,121 ,FALSE,FALSE
BHIWANI- MAHENDRAGARH,Haryana, 11,71,667 , 11,728 , 11,72,526 , (859), 41,510 ,FALSE,FALSE
Bhongir,Telangana, 13,88,579 , 12,817 , 13,88,680 , (101), 2,22,170 ,FALSE,FALSE
BHOPAL,Madhya Pradesh, 14,94,415 , 3,870 , 14,98,626 , (4,211), 5,01,499 ,FALSE,FALSE
Bhubaneswar,Odisha, 10,77,476 , 4,739 , 10,78,810 , (1,334), 35,152 ,FALSE,FALSE
Bidar,Karnataka, 12,39,406 , 2,916 , 12,39,358 , 48 , 1,28,875 ,FALSE,FALSE
Bijapur,Karnataka, 12,89,986 , 6,128 , 12,90,719 , (733), 77,229 ,FALSE,FALSE
Bijnor,Uttar Pradesh, 10,20,877 , 3,555 , 10,20,947 , (70), 37,508 ,FALSE,FALSE
BIKANER,Rajasthan, 11,08,423 , 9,859 , 11,08,418 , 5 , 55,711 ,FALSE,FALSE
BILASPUR,Chhattisgarh, 13,58,037 , 3,313 , 13,61,871 , (3,834), 1,64,558 ,FALSE,FALSE
Birbhum,West Bengal, 15,21,048 , 6,384 , 15,21,023 , 25 , 1,97,650 ,FALSE,FALSE
Bishnupur,West Bengal, 15,06,951 , 6,921 , 15,07,040 , (89), 5,567 ,FALSE,TRUE
Bolangir,Odisha, 13,94,081 , 6,167 , 13,96,719 , (2,638), 1,32,664 ,FALSE,FALSE
Bolpur,West Bengal, 15,20,408 , 8,062 , 15,20,401 , 7 , 3,27,253 ,FALSE,FALSE
Bulandshahr,Uttar Pradesh, 10,49,325 , 5,074 , 10,49,189 , 136 , 2,75,134 ,FALSE,FALSE
Buldhana,Maharashtra, 11,05,267 , 4,229 , 11,05,761 , (494), 29,479 ,FALSE,FALSE
Buxar,Bihar, 10,66,300 , 7,459 , 10,65,290 , 1,010 , 30,091 ,FALSE,FALSE
Chalakudy,Kerala, 9,42,792 , 8,495 , 9,42,787 , 5 , 63,754 ,FALSE,FALSE
Chamarajanagar,Karnataka, 13,65,929 , 3,868 , 13,66,015 , (86), 1,88,706 ,FALSE,FALSE
Chandauli,Uttar Pradesh, 11,13,469 , 3,030 , 11,16,673 , (3,204), 21,565 ,FALSE,FALSE
Chandigarh,Chandigarh, 4,48,548 , 727 , 4,48,547 , 1 , 2,504 ,FALSE,FALSE
Chandni Chowk,Delhi, 9,63,895 , 2,207 , 9,64,503 , (608), 89,325 ,FALSE,FALSE
Chandrapur,Maharashtra, 12,38,291 , 3,013 , 12,41,574 , (3,283), 2,60,406 ,FALSE,FALSE
Chatra,Jharkhand, 10,74,449 , 11,925 , 10,76,352 , (1,903), 2,20,959 ,FALSE,FALSE
CHENNAI CENTRAL,Tamil Nadu, 7,27,305 , 3,244 , 7,28,614 , (1,309), 2,44,689 ,FALSE,FALSE
CHENNAI NORTH,Tamil Nadu, 8,99,330 , 3,159 , 8,99,367 , (37), 3,39,222 ,FALSE,FALSE
CHENNAI SOUTH,Tamil Nadu, 10,95,926 , 3,395 , 10,96,026 , (100), 2,25,945 ,FALSE,FALSE
Chevella,Telangana, 16,56,178 , 19,176 , 16,57,107 , (929), 1,72,897 ,FALSE,FALSE
CHHINDWARA,Madhya Pradesh, 13,02,172 , 2,655 , 13,03,001 , (829), 1,13,618 ,FALSE,FALSE
Chhota Udaipur,Gujarat, 12,58,990 , 8,729 , 12,59,760 , (770), 3,98,777 ,FALSE,FALSE
CHIDAMBARAM,Tamil Nadu, 11,58,718 , 8,353 , 11,60,762 , (2,044), 1,03,554 ,FALSE,FALSE
Chikkballapur,Karnataka, 15,25,885 , 4,935 , 15,25,718 , 167 , 1,63,460 ,FALSE,FALSE
Chikkodi,Karnataka, 13,85,725 , 7,368 , 13,85,688 , 37 , 90,834 ,FALSE,FALSE
Chitradurga,Karnataka, 13,60,301 , 6,608 , 13,61,031 , (730), 48,121 ,FALSE,FALSE
Chittoor (SC),Andhra Pradesh, 14,00,022 , 18,835 , 14,06,880 , (6,858), 2,20,479 ,FALSE,FALSE
CHITTORGARH,Rajasthan, 14,88,902 , 9,831 , 14,88,898 , 4 , 3,89,877 ,FALSE,FALSE
CHURU,Rajasthan, 14,07,789 , 16,856 , 14,07,716 , 73 , 72,737 ,FALSE,FALSE
COIMBATORE,Tamil Nadu, 13,66,177 , 6,656 , 13,66,597 , (420), 1,18,068 ,FALSE,FALSE
Coochbehar,West Bengal, 16,15,848 , 7,200 , 16,16,079 , (231), 39,250 ,FALSE,FALSE
CUDDALORE,Tamil Nadu, 10,21,640 , 9,923 , 10,25,298 , (3,658), 1,85,896 ,FALSE,FALSE
Cuttack,Odisha, 11,16,941 , 3,854 , 11,18,918 , (1,977), 57,077 ,FALSE,FALSE
Dadar & NagarHaveli,Dadar & Nagar Haveli and Daman & Diu, 2,05,257 , 331 , 2,05,248 , 9 , 57,584 ,FALSE,FALSE
Dahod,Gujarat, 11,12,249 , 6,045 , 11,12,211 , 38 , 3,33,677 ,FALSE,FALSE
Dakshina Kannada,Karnataka, 14,08,738 , 7,032 , 14,09,653 , (915), 1,49,208 ,FALSE,FALSE
Daman & Diu,Dadar & Nagar Haveli and Daman & Diu, 92,279 , 131 , 92,279 , -   , 6,225 ,FALSE,FALSE
DAMOH,Madhya Pradesh, 10,87,123 , 1,821 , 10,87,455 , (332), 4,06,426 ,FALSE,FALSE
Darbhanga,Bihar, 10,22,134 , 2,050 , 10,21,962 , 172 , 1,78,156 ,FALSE,FALSE
Darjeeling,West Bengal, 13,19,731 , 7,681 , 13,20,072 , (341), 1,78,525 ,FALSE,FALSE
Darrang-Udalguri,Assam, 18,04,194 , 7,006 , 18,11,764 , (7,570), 3,29,012 ,FALSE,FALSE
DAUSA,Rajasthan, 10,58,583 , 14,151 , 10,58,386 , 197 , 2,37,340 ,FALSE,FALSE
Davanagere,Karnataka, 13,15,951 , 4,417 , 13,15,916 , 35 , 26,094 ,FALSE,FALSE
Deoria,Uttar Pradesh, 10,40,381 , 2,927 , 10,40,178 , 203 , 34,842 ,FALSE,FALSE
DEWAS,Madhya Pradesh, 14,64,796 , 4,308 , 14,64,690 , 106 , 4,25,225 ,FALSE,FALSE
Dhanbad,Jharkhand, 14,14,710 , 13,297 , 14,18,264 , (3,554), 3,31,583 ,FALSE,FALSE
DHAR,Madhya Pradesh, 14,22,029 , 3,015 , 14,21,585 , 444 , 2,18,665 ,FALSE,FALSE
DHARMAPURI,Tamil Nadu, 12,38,428 , 9,404 , 12,38,184 , 244 , 21,300 ,FALSE,FALSE
Dharwad,Karnataka, 13,62,521 , 3,970 , 13,62,421 , 100 , 97,324 ,FALSE,FALSE
Dhaurahra,Uttar Pradesh, 11,09,492 , 2,355 , 11,09,680 , (188), 4,449 ,FALSE,FALSE
Dhenkanal,Odisha, 11,84,033 , 7,640 , 11,93,460 , (9,427), 76,567 ,FALSE,FALSE
Dhubri,Assam, 24,45,683 , 7,925 , 24,50,041 , (4,358), 10,12,476 ,FALSE,FALSE
Dhule,Maharashtra, 12,15,525 , 3,770 , 12,17,523 , (1,998), 3,831 ,FALSE,FALSE
Diamond harbour,West Bengal, 15,24,223 , 6,594 , 15,24,138 , 85 , 7,10,930 ,FALSE,FALSE
Dibrugarh,Assam, 12,73,727 , 4,595 , 12,73,744 , (17), 2,79,321 ,FALSE,FALSE
DINDIGUL,Tamil Nadu, 11,43,174 , 6,447 , 11,43,196 , (22), 4,43,821 ,FALSE,FALSE
Dindori,Maharashtra, 12,36,675 , 4,235 , 12,37,180 , (505), 1,13,199 ,FALSE,FALSE
Diphu,Assam, 6,78,288 , 4,539 , 6,82,441 , (4,153), 1,47,603 ,FALSE,FALSE
Domariyaganj,Uttar Pradesh, 10,16,183 , 2,782 , 10,19,548 , (3,365), 42,728 ,FALSE,FALSE
Dumdum,West Bengal, 12,54,461 , 5,585 , 12,54,452 , 9 , 70,660 ,FALSE,FALSE
Dumka,Jharkhand, 11,74,681 , 9,451 , 11,75,294 , (613), 22,527 ,FALSE,FALSE
DURG,Chhattisgarh, 15,39,539 , 3,248 , 15,40,193 , (654), 4,38,226 ,FALSE,FALSE
East Delhi,Delhi, 12,61,887 , 2,162 , 12,61,988 , (101), 93,663 ,FALSE,FALSE
Eluru,Andhra Pradesh, 13,66,884 , 15,165 , 13,70,153 , (3,269), 1,81,857 ,FALSE,FALSE
Ernakulam,Kerala, 9,04,102 , 6,400 , 9,04,131 , (29), 2,50,385 ,FALSE,FALSE
ERODE,Tamil Nadu, 10,86,406 , 7,017 , 10,86,287 , 119 , 2,36,566 ,FALSE,FALSE
Etah,Uttar Pradesh, 10,07,609 , 2,772 , 10,08,533 , (924), 28,052 ,FALSE,FALSE
Etawah,Uttar Pradesh, 10,30,621 , 3,163 , 10,30,554 , 67 , 58,419 ,FALSE,FALSE
Faizabad,Uttar Pradesh, 11,39,094 , 1,567 , 11,39,882 , (788), 54,567 ,FALSE,FALSE
FARIDABAD,Haryana, 14,69,170 , 2,152 , 14,70,649 , (1,479), 1,72,914 ,FALSE,FALSE
Faridkot,Punjab, 10,09,711 , 4,744 , 10,09,637 , 74 , 70,053 ,FALSE,FALSE
Farrukhabad,Uttar Pradesh, 10,31,784 , 2,010 , 10,32,244 , (460), 2,678 ,FALSE,FALSE
Fatehgarh Sahib,Punjab, 9,71,031 , 3,225 , 9,70,783 , 248 , 34,202 ,FALSE,FALSE
Fatehpur,Uttar Pradesh, 11,05,472 , 1,472 , 11,06,690 , (1,218), 33,199 ,FALSE,FALSE
Fatehpur Sikri,Uttar Pradesh, 10,28,909 , 5,246 , 10,28,791 , 118 , 43,405 ,FALSE,FALSE
Firozabad,Uttar Pradesh, 11,05,210 , 2,086 , 11,06,747 , (1,537), 89,312 ,FALSE,FALSE
Firozpur,Punjab, 11,17,934 , 7,181 , 11,19,167 , (1,233), 3,242 ,FALSE,TRUE
Gadchiroli - Chimur,Maharashtra, 11,61,041 , 5,319 , 11,62,476 , (1,435), 1,41,696 ,FALSE,FALSE
Gandhinagar,Gujarat, 13,04,840 , 16,962 , 13,05,197 , (357), 7,44,716 ,FALSE,FALSE
GANGANAGAR,Rajasthan, 13,99,702 , 13,792 , 13,99,688 , 14 , 88,153 ,FALSE,FALSE
Garhwal,Uttarakhand, 7,16,561 , 20,870 , 7,17,834 , (1,273), 1,63,503 ,FALSE,FALSE
Gautam BuddhaNagar,Uttar Pradesh, 14,33,370 , 3,874 , 14,34,667 , (1,297), 5,59,472 ,FALSE,FALSE
Gaya,Bihar, 9,58,387 , 5,289 , 9,58,623 , (236), 1,01,812 ,FALSE,FALSE
Ghatal,West Bengal, 15,93,450 , 7,106 , 15,93,990 , (540), 1,82,868 ,FALSE,FALSE
Ghaziabad,Uttar Pradesh, 14,68,608 , 1,822 , 14,69,260 , (652), 3,36,965 ,FALSE,FALSE
Ghazipur,Uttar Pradesh, 11,48,952 , 4,142 , 11,50,496 , (1,544), 1,24,861 ,FALSE,FALSE
Ghosi,Uttar Pradesh, 11,47,461 , 3,129 , 11,47,213 , 248 , 1,62,943 ,FALSE,FALSE
Giridih,Jharkhand, 12,53,005 , 11,828 , 12,53,553 , (548), 80,880 ,FALSE,FALSE
Godda,Jharkhand, 13,88,559 , 9,645 , 13,91,960 , (3,401), 1,01,813 ,FALSE,FALSE
Gonda,Uttar Pradesh, 9,51,592 , 1,292 , 9,51,394 , 198 , 46,224 ,FALSE,FALSE
Gopalganj,Bihar, 10,59,393 , 3,634 , 10,59,298 , 95 , 1,27,180 ,FALSE,FALSE
Gorakhpur,Uttar Pradesh, 11,51,384 , 3,029 , 11,52,057 , (673), 1,03,526 ,FALSE,FALSE
Gulbarga,Karnataka, 13,06,167 , 4,310 , 13,06,119 , 48 , 27,205 ,FALSE,FALSE
GUNA,Madhya Pradesh, 13,68,520 , 5,246 , 13,68,554 , (34), 5,40,929 ,FALSE,FALSE
Guntur,Andhra Pradesh, 14,04,061 , 21,310 , 14,11,989 , (7,928), 3,44,695 ,FALSE,FALSE
Gurdaspur,Punjab, 10,70,254 , 7,572 , 10,70,267 , (13), 82,861 ,FALSE,FALSE
GURGAON,Haryana, 15,96,251 , 4,981 , 15,96,240 , 11 , 75,079 ,FALSE,FALSE
Guwahati,Assam, 15,94,699 , 4,690 , 15,96,664 , (1,965), 2,51,090 ,FALSE,FALSE
GWALIOR,Madhya Pradesh, 13,37,928 , 5,301 , 13,38,708 , (780), 70,210 ,FALSE,FALSE
Hajipur,Bihar, 11,49,394 , 5,930 , 11,49,406 , (12), 1,70,105 ,FALSE,FALSE
HAMIRPUR,Himachal Pradesh, 10,22,970 , 24,293 , 10,25,237 , (2,267), 1,82,357 ,FALSE,FALSE
Hamirpur,Uttar Pradesh, 11,13,768 , 1,531 , 11,14,874 , (1,106), 1,82,357 ,FALSE,FALSE
Hardoi,Uttar Pradesh, 10,97,322 , 2,794 , 10,98,820 , (1,498), 27,856 ,FALSE,FALSE
Haridwar,Uttarakhand, 12,93,233 , 9,390 , 12,93,362 , (129), 1,64,056 ,FALSE,FALSE
Hassan,Karnataka, 13,48,013 , 6,994 , 13,48,966 , (953), 42,649 ,FALSE,FALSE
Hathras,Uttar Pradesh, 10,79,010 , 3,710 , 10,79,731 , (721), 2,47,318 ,FALSE,FALSE
Hatkanangale,Maharashtra, 12,90,191 , 5,833 , 12,90,073 , 118 , 13,426 ,FALSE,FALSE
Haveri,Karnataka, 13,90,513 , 5,299 , 13,91,214 , (701), 43,513 ,FALSE,FALSE
Hazaribagh,Jharkhand, 12,49,093 , 15,574 , 12,48,798 , 295 , 2,76,686 ,FALSE,FALSE
Hindupur,Andhra Pradesh, 13,96,687 , 19,652 , 14,03,259 , (6,572), 1,32,427 ,FALSE,FALSE
Hingoli,Maharashtra, 11,54,970 , 4,330 , 11,54,958 , 12 , 1,08,602 ,FALSE,FALSE
HISAR,Haryana, 11,68,313 , 5,802 , 11,68,784 , (471), 63,381 ,FALSE,FALSE
Hooghly,West Bengal, 15,11,948 , 5,563 , 15,12,060 , (112), 76,853 ,FALSE,FALSE
HOSHANGABAD,Madhya Pradesh, 12,47,358 , 2,334 , 12,47,298 , 60 , 4,31,696 ,FALSE,FALSE
Hoshiarpur,Punjab, 9,42,810 , 5,675 , 9,42,766 , 44 , 44,111 ,FALSE,FALSE
Howrah,West Bengal, 12,68,854 , 2,942 , 12,69,079 , (225), 1,69,442 ,FALSE,FALSE
Hyderabad,Telangana, 10,73,544 , 6,780 , 10,74,827 , (1,283), 3,38,087 ,FALSE,FALSE
Idukki,Kerala, 8,31,914 , 8,743 , 8,31,936 , (22), 1,33,727 ,FALSE,FALSE
INDORE,Madhya Pradesh, 15,58,311 , 3,657 , 15,58,341 , (30), 11,75,092 ,FALSE,FALSE
Inner Manipur,Manipur, 7,89,912 , 6,985 , 7,94,790 , (4,878), 1,09,801 ,FALSE,FALSE
JABALPUR,Madhya Pradesh, 11,56,434 , 2,111 , 11,56,722 , (288), 4,86,674 ,FALSE,FALSE
Jadavpur,West Bengal, 15,58,207 , 8,302 , 15,59,330 , (1,123), 2,58,201 ,FALSE,FALSE
Jagatsinghpur,Odisha, 12,80,103 , 6,184 , 12,83,700 , (3,597), 40,696 ,FALSE,FALSE
Jahanabad,Bihar, 9,20,112 , 5,258 , 9,20,114 , (2), 1,42,591 ,FALSE,FALSE
JAIPUR,Rajasthan, 14,49,110 , 14,148 , 14,49,612 , (502), 3,31,767 ,FALSE,FALSE
JAIPUR RURAL,Rajasthan, 12,37,966 , 24,088 , 12,38,818 , (852), 1,615 ,FALSE,TRUE
Jajpur,Odisha, 11,51,847 , 9,361 , 11,51,038 , 809 , 4,81,094 ,FALSE,FALSE
Jalandhar,Punjab, 9,87,602 , 1,505 , 9,87,508 , 94 , 1,75,993 ,FALSE,FALSE
Jalaun,Uttar Pradesh, 11,26,966 , 1,983 , 11,27,112 , (146), 53,898 ,FALSE,FALSE
Jalgaon,Madhya Pradesh, 11,65,216 , 4,337 , 11,65,968 , (752), 2,51,594 ,FALSE,FALSE
Jalna,Maharashtra, 13,57,971 , 5,438 , 13,61,226 , (3,255), 1,09,958 ,FALSE,FALSE
JALORE,Rajasthan, 14,44,896 , 6,230 , 14,44,866 , 30 , 2,01,543 ,FALSE,FALSE
Jalpaiguri,West Bengal, 15,71,995 , 6,394 , 15,77,828 , (5,833), 86,693 ,FALSE,FALSE
JAMMU,Jammu & Kashmir, 12,85,944 , 16,232 , 12,86,144 , (200), 1,35,498 ,FALSE,FALSE
Jamnagar,Gujarat, 10,47,992 , 3,243 , 10,48,410 , (418), 2,38,008 ,FALSE,FALSE
Jamshedpur,Jharkhand, 12,64,240 , 13,389 , 12,65,169 , (929), 2,59,782 ,FALSE,FALSE
Jamui,Bihar, 9,77,338 , 1,895 , 9,77,369 , (31), 1,12,482 ,FALSE,FALSE
Jangipur,West Bengal, 13,66,962 , 2,671 , 13,67,014 , (52), 1,16,637 ,FALSE,FALSE
JANJGIR-CHAMPA,Chhattisgarh, 13,87,196 , 5,044 , 13,89,012 , (1,816), 60,000 ,FALSE,FALSE
Jaunpur,Uttar Pradesh, 10,96,957 , 4,831 , 10,99,223 , (2,266), 99,335 ,FALSE,FALSE
JHALAWAR-BARAN,Rajasthan, 14,15,552 , 5,779 , 14,15,420 , 132 , 3,70,989 ,FALSE,FALSE
Jhanjharpur,Bihar, 10,91,394 , 2,347 , 10,91,258 , 136 , 1,84,169 ,FALSE,FALSE
Jhansi,Uttar Pradesh, 13,78,807 , 1,699 , 13,80,214 , (1,407), 1,02,614 ,FALSE,FALSE
Jhargram,West Bengal, 14,83,802 , 7,041 , 14,85,591 , (1,789), 1,74,048 ,FALSE,FALSE
JHUNJHUNU,Rajasthan, 10,94,908 , 24,019 , 10,94,900 , 8 , 18,235 ,FALSE,TRUE
JODHPUR,Rajasthan, 13,70,371 , 13,467 , 13,70,616 , (245), 1,15,677 ,FALSE,FALSE
Jorhat,Assam, 13,77,003 , 14,157 , 13,79,749 , (2,746), 1,44,393 ,FALSE,FALSE
Joynagar,West Bengal, 14,77,368 , 5,263 , 14,77,298 , 70 , 4,70,219 ,FALSE,FALSE
Junagadh,Gujarat, 10,57,454 , 10,799 , 10,57,462 , (8), 1,35,494 ,FALSE,FALSE
Kachchh,Gujarat, 10,90,881 , 4,276 , 10,90,878 , 3 , 2,68,782 ,FALSE,FALSE
Kadapa,Andhra Pradesh, 13,00,147 , 21,828 , 13,04,256 , (4,109), 62,695 ,FALSE,FALSE
Kairana,Uttar Pradesh, 10,75,537 , 4,269 , 10,75,839 , (302), 69,116 ,FALSE,FALSE
Kaiserganj,Uttar Pradesh, 10,60,767 , 1,332 , 10,60,576 , 191 , 1,48,843 ,FALSE,FALSE
Kakinada,Andhra Pradesh, 13,12,770 , 17,033 , 13,12,255 , 515 , 2,29,491 ,FALSE,FALSE
Kalahandi,Odisha, 13,22,799 , 11,445 , 13,24,936 , (2,137), 1,33,813 ,FALSE,FALSE
KALLAKURICHI,Tamil Nadu, 12,42,562 , 7,006 , 12,42,597 , (35), 53,784 ,FALSE,FALSE
Kalyan,Maharashtra, 10,42,476 , 3,260 , 10,43,610 , (1,134), 2,09,144 ,FALSE,FALSE
KANCHEEPURAM,Tamil Nadu, 12,53,129 , 6,449 , 12,53,582 , (453), 2,21,473 ,FALSE,FALSE
Kandhamal,Odisha, 9,90,520 , 5,571 , 9,93,091 , (2,571), 21,371 ,FALSE,FALSE
KANGRA,Himachal Pradesh, 10,19,345 , 17,523 , 10,20,026 , (681), 2,51,895 ,FALSE,FALSE
KANKER,Chhattisgarh, 12,60,153 , 5,276 , 12,61,103 , (950), 1,884 ,FALSE,TRUE
Kannauj,Uttar Pradesh, 12,14,285 , 3,548 , 12,14,886 , (601), 1,70,922 ,FALSE,FALSE
KANNIYAKUMARI,Tamil Nadu, 10,16,841 , 12,214 , 10,19,532 , (2,691), 1,79,907 ,FALSE,FALSE
Kannur,Kerala, 10,48,785 , 15,070 , 10,48,839 , (54), 1,08,982 ,FALSE,FALSE
Kanpur,Uttar Pradesh, 8,82,042 , 5,354 , 8,82,074 , (32), 20,968 ,FALSE,FALSE
Kanthi,West Bengal, 15,19,392 , 11,605 , 15,21,159 , (1,767), 47,764 ,FALSE,FALSE
Karakat,Bihar, 10,27,665 , 3,953 , 10,28,641 , (976), 1,05,858 ,FALSE,FALSE
KARAULI-DHOLPUR,Rajasthan, 9,79,010 , 9,112 , 9,79,618 , (608), 98,945 ,FALSE,FALSE
Karimganj,Assam, 11,40,349 , 6,533 , 11,36,538 , 3,811 , 18,360 ,FALSE,FALSE
Karimnagar,Telangana, 13,02,447 , 10,405 , 13,03,690 , (1,243), 2,25,209 ,FALSE,FALSE
KARNAL,Haryana, 13,41,197 , 4,695 , 13,41,174 , 23 , 2,32,577 ,FALSE,FALSE
KARUR,Tamil Nadu, 11,25,359 , 6,686 , 11,25,241 , 118 , 1,66,816 ,FALSE,FALSE
Kasaragod,Kerala, 11,03,719 , 8,827 , 11,04,331 , (612), 1,00,649 ,FALSE,FALSE
Katihar,Bihar, 11,68,194 , 3,352 , 11,68,752 , (558), 49,863 ,FALSE,FALSE
Kaushambi,Uttar Pradesh, 10,07,927 , 1,402 , 10,08,255 , (328), 1,03,944 ,FALSE,FALSE
Kaziranga,Assam, 16,23,167 , 6,770 , 16,26,408 , (3,241), 2,48,947 ,FALSE,FALSE
Kendrapara,Odisha, 12,72,561 , 4,547 , 12,76,773 , (4,212), 66,536 ,FALSE,FALSE
Keonjhar,Odisha, 12,52,761 , 3,854 , 12,54,163 , (1,402), 97,042 ,FALSE,FALSE
Khadoor Sahib,Punjab, 10,42,796 , 4,369 , 10,43,248 , (452), 1,97,120 ,FALSE,FALSE
Khagaria,Bihar, 10,58,612 , 3,282 , 10,58,539 , 73 , 1,61,131 ,FALSE,FALSE
KHAJURAHO,Madhya Pradesh, 11,38,109 , 2,461 , 11,37,867 , 242 , 5,41,229 ,FALSE,FALSE
Khammam,Telangana, 12,40,582 , 10,701 , 12,41,135 , (553), 4,67,847 ,FALSE,FALSE
KHANDWA,Madhya Pradesh, 15,09,810 , 2,732 , 15,10,588 , (778), 2,69,971 ,FALSE,FALSE
KHARGONE,Madhya Pradesh, 15,55,958 , 2,820 , 15,55,585 , 373 , 1,35,018 ,FALSE,FALSE
Kheda,Gujarat, 11,64,397 , 11,451 , 11,66,619 , (2,222), 3,57,758 ,FALSE,FALSE
Kheri,Uttar Pradesh, 12,09,810 , 3,549 , 12,09,621 , 189 , 34,329 ,FALSE,FALSE
Khunti,Jharkhand, 9,24,725 , 11,957 , 9,27,422 , (2,697), 1,49,675 ,FALSE,FALSE
Kishanganj,Bihar, 11,50,070 , 1,029 , 11,49,988 , 82 , 59,692 ,FALSE,FALSE
Kodarma,Jharkhand, 13,60,792 , 9,172 , 13,63,010 , (2,218), 3,77,014 ,FALSE,FALSE
Kokrajhar,Assam, 12,29,546 , 11,950 , 12,40,306 , (10,760), 51,583 ,FALSE,FALSE
Kolar,Karnataka, 13,51,321 , 3,907 , 13,51,646 , (325), 71,388 ,FALSE,FALSE
Kolhapur,Maharashtra, 13,86,232 , 7,094 , 13,86,230 , 2 , 1,54,964 ,FALSE,FALSE
Kolkata Dakshin,West Bengal, 12,38,425 , 5,052 , 12,38,256 , 169 , 1,87,231 ,FALSE,FALSE
Kolkata Uttar,West Bengal, 9,55,466 , 2,967 , 9,57,319 , (1,853), 92,560 ,FALSE,FALSE
Kollam,Kerala, 9,02,539 , 13,152 , 9,04,047 , (1,508), 1,50,302 ,FALSE,FALSE
Koppal,Karnataka, 13,24,940 , 3,996 , 13,24,898 , 42 , 46,357 ,FALSE,FALSE
Koraput,Odisha, 11,44,023 , 4,819 , 11,48,182 , (4,159), 1,47,744 ,FALSE,FALSE
KORBA,Chhattisgarh, 12,22,833 , 2,480 , 12,24,268 , (1,435), 43,283 ,FALSE,FALSE
KOTA,Rajasthan, 14,87,901 , 12,256 , 14,87,879 , 22 , 41,974 ,FALSE,FALSE
Kottayam,Kerala, 8,22,566 , 13,657 , 8,23,237 , (671), 87,266 ,FALSE,FALSE
Kozhikode,Kerala, 10,78,637 , 11,413 , 10,79,683 , (1,046), 1,46,176 ,FALSE,FALSE
KRISHNAGIRI,Tamil Nadu, 11,60,887 , 5,269 , 11,60,498 , 389 , 1,92,486 ,FALSE,FALSE
Krishnanagar,West Bengal, 14,15,842 , 9,870 , 14,15,859 , (17), 56,705 ,FALSE,FALSE
Kurnoolu,Andhra Pradesh, 13,16,682 , 14,098 , 13,23,071 , (6,389), 1,11,298 ,FALSE,FALSE
KURUKSHETRA,Haryana, 12,02,413 , 3,459 , 12,02,401 , 12 , 29,021 ,FALSE,FALSE
Kushi Nagar,Uttar Pradesh, 10,79,710 , 773 , 10,79,573 , 137 , 81,790 ,FALSE,FALSE
Ladakh,Ladhak, 1,32,614 , 2,910 , 1,32,727 , (113), 27,862 ,FALSE,FALSE
Lakhimpur,Assam, 12,03,562 , 7,652 , 12,05,331 , (1,769), 2,01,257 ,FALSE,FALSE
Lakshadweep,Lakshadweep, 48,630 , 570 , 48,630 , -   , 2,647 ,FALSE,FALSE
Lalganj,Uttar Pradesh, 9,99,434 , 4,004 , 10,00,053 , (619), 1,15,023 ,FALSE,FALSE
Latur,Maharashtra, 12,34,853 , 4,226 , 12,37,355 , (2,502), 61,881 ,FALSE,FALSE
Lohardaga,Jharkhand, 9,54,698 , 12,427 , 9,57,690 , (2,992), 1,39,138 ,FALSE,FALSE
Lucknow,Uttar Pradesh, 11,33,259 , 3,633 , 11,35,624 , (2,365), 1,35,159 ,FALSE,FALSE
Ludhiana,Punjab, 10,57,219 , 1,938 , 10,57,274 , (55), 20,942 ,FALSE,FALSE
Machhlishahr,Uttar Pradesh, 10,56,972 , 3,091 , 10,57,361 , (389), 35,850 ,FALSE,FALSE
Machilipatnam,Andhra Pradesh, 12,92,057 , 19,947 , 12,93,935 , (1,878), 2,23,179 ,FALSE,FALSE
Madha,Maharashtra, 12,67,125 , 6,293 , 12,67,530 , (405), 1,20,837 ,FALSE,FALSE
Madhepura,Bihar, 12,07,499 , 2,196 , 12,07,368 , 131 , 1,74,534 ,FALSE,FALSE
Madhubani,Bihar, 10,26,338 , 1,390 , 10,26,408 , (70), 1,51,945 ,FALSE,FALSE
MADURAI,Tamil Nadu, 9,81,623 , 5,346 , 9,81,650 , (27), 2,09,409 ,FALSE,FALSE
Mahabubabad,Telangana, 11,00,480 , 8,306 , 11,01,030 , (550), 3,49,165 ,FALSE,FALSE
Maharajganj,Uttar Pradesh, 10,11,462 , 2,647 , 10,11,421 , 41 , 1,02,651 ,FALSE,FALSE
Maharajganj,Bihar, 12,08,722 , 1,729 , 12,08,589 , 133 , 1,02,651 ,FALSE,FALSE
MAHASAMUND,Chhattisgarh, 13,22,134 , 3,946 , 13,22,125 , 9 , 1,45,456 ,FALSE,FALSE
Mahbubnagar,Telangana, 12,18,323 , 7,755 , 12,18,587 , (264), 4,500 ,FALSE,TRUE
Mahesana,Gujarat, 10,59,316 , 17,511 , 10,59,938 , (622), 3,28,046 ,FALSE,FALSE
Mainpuri,Uttar Pradesh, 10,51,023 , 2,988 , 10,51,758 , (735), 2,21,639 ,FALSE,FALSE
Malappuram,Kerala, 10,78,038 , 7,144 , 10,79,547 , (1,509), 3,00,118 ,FALSE,FALSE
Maldaha Dakshin,West Bengal, 13,64,552 , 5,237 , 13,66,728 , (2,176), 1,28,368 ,FALSE,FALSE
Maldaha Uttar,West Bengal, 14,13,820 , 3,769 , 14,15,718 , (1,898), 77,708 ,FALSE,FALSE
Malkajgiri,Telangana, 19,15,185 , 18,658 , 19,19,131 , (3,946), 3,91,475 ,FALSE,FALSE
MANDI,Himachal Pradesh, 9,97,478 , 18,332 , 9,97,833 , (355), 74,755 ,FALSE,FALSE
MANDLA,Madhya Pradesh, 15,31,950 , 3,682 , 15,30,861 , 1,089 , 1,03,846 ,FALSE,FALSE
MANDSOUR,Madhya Pradesh, 14,28,345 , 5,147 , 14,28,623 , (278), 5,00,655 ,FALSE,FALSE
Mandya,Karnataka, 14,53,087 , 7,180 , 14,53,060 , 27 , 2,84,620 ,FALSE,FALSE
Mathura,Uttar Pradesh, 9,53,522 , 3,524 , 9,53,388 , 134 , 2,93,407 ,FALSE,FALSE
Mathurapur,West Bengal, 14,90,330 , 5,694 , 14,90,299 , 31 , 2,01,057 ,FALSE,FALSE
Maval,Maharashtra, 14,17,866 , 1,535 , 14,18,439 , (573), 96,615 ,FALSE,FALSE
Mavelikkara,Kerala, 8,78,986 , 15,985 , 8,78,360 , 626 , 10,868 ,FALSE,TRUE
MAYILADUTHURAI,Tamil Nadu, 10,83,416 , 4,292 , 10,83,243 , 173 , 2,71,183 ,FALSE,FALSE
Mayurbhanj,Odisha, 11,65,669 , 8,381 , 11,69,335 , (3,666), 2,19,334 ,FALSE,FALSE
Medak,Telangana, 13,72,896 , 13,343 , 13,72,894 , 2 , 39,139 ,FALSE,FALSE
Medinipur,West Bengal, 14,74,654 , 6,909 , 14,77,309 , (2,655), 27,191 ,FALSE,FALSE
Meerut,Uttar Pradesh, 11,79,112 , 3,367 , 11,79,121 , (9), 10,585 ,FALSE,FALSE
Mirzapur,Uttar Pradesh, 11,03,900 , 1,505 , 11,04,186 , (286), 37,810 ,FALSE,FALSE
Misrikh,Uttar Pradesh, 10,49,151 , 2,832 , 10,49,630 , (479), 33,406 ,FALSE,FALSE
MIZORAM,Mizoram, 4,86,889 , 4,447 , 4,87,013 , (124), 68,288 ,FALSE,FALSE
Mohanlalganj,Uttar Pradesh, 13,74,478 , 2,974 , 13,75,372 , (894), 70,292 ,FALSE,FALSE
Moradabad,Uttar Pradesh, 12,80,819 , 2,366 , 12,80,706 , 113 , 1,05,762 ,FALSE,FALSE
MORENA,Madhya Pradesh, 11,83,586 , 3,745 , 11,83,282 , 304 , 52,530 ,FALSE,FALSE
Mumbai North,Maharashtra, 10,32,503 , 2,990 , 10,33,241 , (738), 3,57,608 ,FALSE,FALSE
Mumbai North Central,Maharashtra, 9,07,229 , 3,333 , 9,06,530 , 699 , 16,514 ,FALSE,FALSE
Mumbai North East,Maharashtra, 9,22,256 , 4,213 , 9,22,760 , (504), 29,861 ,FALSE,FALSE
Mumbai North West,Maharashtra, 9,51,582 , 3,357 , 9,51,580 , 2 , 48 ,FALSE,TRUE
Mumbai South,Maharashtra, 7,69,223 , 3,890 , 7,69,010 , 213 , 52,673 ,FALSE,FALSE
Mumbai South Central,Maharashtra, 7,90,338 , 4,186 , 7,90,339 , (1), 53,384 ,FALSE,FALSE
Munger,Bihar, 11,34,550 , 4,531 , 11,34,548 , 2 , 80,870 ,FALSE,FALSE
Murshidabad,West Bengal, 15,39,216 , 2,343 , 15,39,112 , 104 , 1,64,215 ,FALSE,FALSE
Muzaffarnagar,Uttar Pradesh, 10,75,007 , 3,662 , 10,74,608 , 399 , 24,672 ,FALSE,FALSE
Muzaffarpur,Bihar, 11,10,095 , 2,365 , 11,09,688 , 407 , 2,34,927 ,FALSE,FALSE
Mysore,Karnataka, 14,76,661 , 7,812 , 14,77,576 , (915), 1,39,262 ,FALSE,FALSE
Nabarangpur,Odisha, 12,36,661 , 5,814 , 12,43,957 , (7,296), 87,536 ,FALSE,FALSE
Nagaland,Nagaland, 7,57,154 , 3,642 , 7,60,507 , (3,353), 50,984 ,FALSE,FALSE
Nagaon,Assam, 15,44,126 , 5,872 , 15,44,081 , 45 , 2,12,231 ,FALSE,FALSE
NAGAPATTINAM,Tamil Nadu, 9,68,049 , 4,962 , 9,67,694 , 355 , 2,08,957 ,FALSE,FALSE
Nagarkurnool,Telangana, 12,05,275 , 13,948 , 12,07,470 , (2,195), 94,414 ,FALSE,FALSE
NAGAUR,Rajasthan, 12,27,911 , 10,562 , 12,28,494 , (583), 42,225 ,FALSE,FALSE
Nagina,Uttar Pradesh, 9,98,870 , 2,433 , 9,99,203 , (333), 1,51,473 ,FALSE,FALSE
Nagpur,Maharashtra, 12,07,455 , 3,866 , 12,07,738 , (283), 1,37,603 ,FALSE,FALSE
Nainital-Udhamsingh Nagar,Uttarakhand, 12,55,964 , 10,052 , 12,59,180 , (3,216), 3,34,548 ,FALSE,FALSE
Nalgonda,Telangana, 12,77,136 , 19,188 , 12,77,137 , (1), 5,59,905 ,FALSE,FALSE
NAMAKKAL,Tamil Nadu, 11,36,116 , 10,187 , 11,36,069 , 47 , 29,112 ,FALSE,FALSE
Nanded,Maharashtra, 11,23,660 , 4,594 , 11,28,564 , (4,904), 59,442 ,FALSE,FALSE
Nandurbar,Maharashtra, 13,91,396 , 2,273 , 13,92,635 , (1,239), 1,59,120 ,FALSE,FALSE
Nandyal,Andhra Pradesh, 13,85,007 , 19,411 , 13,87,367 , (2,360), 1,11,975 ,FALSE,FALSE
Narsapuram,Andhra Pradesh, 12,17,351 , 13,643 , 12,16,550 , 801 , 2,76,802 ,FALSE,FALSE
Narsaraopet,Andhra Pradesh, 14,82,913 , 16,656 , 14,85,909 , (2,996), 1,59,729 ,FALSE,FALSE
Nashik,Maharashtra, 12,33,252 , 3,952 , 12,33,379 , (127), 1,62,001 ,FALSE,FALSE
Navsari,Gujarat, 13,26,543 , 11,673 , 13,26,542 , 1 , 7,73,551 ,FALSE,FALSE
Nawada,Bihar, 8,64,900 , 4,970 , 8,66,102 , (1,202), 67,670 ,FALSE,FALSE
Nellore,Andhra Pradesh, 13,52,418 , 23,231 , 13,53,563 , (1,145), 2,45,902 ,FALSE,FALSE
New Delhi,Delhi, 8,44,889 , 2,579 , 8,45,285 , (396), 78,370 ,FALSE,FALSE
NILGIRIS,Tamil Nadu, 10,13,616 , 5,290 , 10,13,410 , 206 , 2,40,585 ,FALSE,FALSE
Nizamabad,Telangana, 12,26,215 , 7,366 , 12,26,133 , 82 , 1,09,241 ,FALSE,FALSE
North-East Delhi,Delhi, 15,48,476 , 4,255 , 15,49,202 , (726), 1,38,778 ,FALSE,FALSE
North Goa,Goa, 4,51,054 , 4,964 , 4,51,042 , 12 , 1,16,015 ,FALSE,FALSE
North-West Delhi,Delhi, 14,82,638 , 4,569 , 14,85,378 , (2,740), 2,90,849 ,FALSE,FALSE
Ongole,Andhra Pradesh, 14,01,174 , 21,040 , 13,99,707 , 1,467 , 50,199 ,FALSE,FALSE
Osmanabad,Maharashtra, 12,73,099 , 7,953 , 12,72,969 , 130 , 3,29,846 ,FALSE,FALSE
Outer Manipur,Manipur, 7,91,243 , 5,492 , 7,93,425 , (2,182), 85,418 ,FALSE,FALSE
Palakkad,Kerala, 10,27,240 , 8,596 , 10,28,627 , (1,387), 75,283 ,FALSE,FALSE
Palamau,Jharkhand, 13,73,737 , 17,001 , 13,74,358 , (621), 2,88,807 ,FALSE,FALSE
Palghar,Maharashtra, 13,73,159 , 2,915 , 13,73,162 , (3), 1,83,306 ,FALSE,FALSE
PALI,Rajasthan, 13,40,018 , 13,824 , 13,39,989 , 29 , 2,45,351 ,FALSE,FALSE
Panchmahal,Gujarat, 11,16,210 , 15,287 , 11,16,171 , 39 , 5,09,342 ,FALSE,FALSE
Parbhani,Maharashtra, 13,21,999 , 9,177 , 13,21,868 , 131 , 1,34,061 ,FALSE,FALSE
Paschim Champaran,Bihar, 10,82,170 , 4,086 , 10,82,178 , (8), 1,36,568 ,FALSE,FALSE
Patan,Gujarat, 11,81,373 , 11,752 , 11,82,950 , (1,577), 31,876 ,FALSE,FALSE
Pathanamthitta,Kerala, 9,05,748 , 13,821 , 9,06,051 , (303), 66,119 ,FALSE,FALSE
Patiala,Punjab, 11,49,065 , 2,678 , 11,49,417 , (352), 14,831 ,FALSE,FALSE
Patliputra,Bihar, 12,27,339 , 2,760 , 12,28,549 , (1,210), 85,174 ,FALSE,FALSE
Patna Sahib,Bihar, 10,73,762 , 1,734 , 10,73,847 , (85), 1,53,846 ,FALSE,FALSE
Peddapalle,Telangana, 10,82,815 , 12,480 , 10,83,467 , (652), 1,31,364 ,FALSE,FALSE
PERAMBALUR,Tamil Nadu, 11,19,859 , 9,367 , 11,19,881 , (22), 3,89,107 ,FALSE,FALSE
Phulpur,Uttar Pradesh, 10,11,627 , 3,197 , 10,10,909 , 718 , 4,332 ,FALSE,FALSE
Pilibhit,Uttar Pradesh, 11,55,967 , 4,980 , 11,55,917 , 50 , 1,64,935 ,FALSE,FALSE
POLLACHI,Tamil Nadu, 11,20,439 , 5,606 , 11,24,743 , (4,304), 2,52,042 ,FALSE,FALSE
Ponnani,Kerala, 10,19,932 , 6,364 , 10,19,889 , 43 , 2,35,760 ,FALSE,FALSE
Porbandar,Gujarat, 9,16,558 , 12,419 , 9,16,519 , 39 , 3,83,360 ,FALSE,FALSE
Pratapgarh,Uttar Pradesh, 9,43,304 , 3,984 , 9,43,245 , 59 , 66,206 ,FALSE,FALSE
PUDUCHERRY,PUDUCHERRY, 8,04,489 , 3,451 , 8,07,724 , (3,235), 1,36,516 ,FALSE,FALSE
Pune,Maharashtra, 11,03,671 , 901 , 11,03,678 , (7), 1,23,038 ,FALSE,FALSE
Puri,Odisha, 11,91,034 , 5,904 , 11,96,684 , (5,650), 1,04,709 ,FALSE,FALSE
Purnia,Bihar, 11,94,607 , 1,237 , 11,94,484 , 123 , 23,847 ,FALSE,FALSE
Purulia,West Bengal, 14,28,596 , 5,422 , 14,29,190 , (594), 17,079 ,FALSE,FALSE
Purvi Champaran,Bihar, 10,69,091 , 4,597 , 10,68,642 , 449 , 88,287 ,FALSE,FALSE
Rae Bareli,Uttar Pradesh, 10,36,644 , 2,575 , 10,36,997 , (353), 3,90,030 ,FALSE,FALSE
Raichur,Karnataka, 12,95,636 , 3,983 , 12,99,806 , (4,170), 79,781 ,FALSE,FALSE
Raigad,Maharashtra, 10,08,505 , 4,767 , 10,09,567 , (1,062), 82,784 ,FALSE,FALSE
Raiganj,West Bengal, 13,63,996 , 4,475 , 13,63,854 , 142 , 68,197 ,FALSE,FALSE
RAIGARH,Chhattisgarh, 14,49,708 , 3,257 , 14,49,673 , 35 , 2,40,391 ,FALSE,FALSE
RAIPUR,Chhattisgarh, 15,82,240 , 4,515 , 15,87,116 , (4,876), 5,75,285 ,FALSE,FALSE
Rajahmundry,Andhra Pradesh, 13,11,751 , 13,546 , 13,13,630 , (1,879), 2,39,139 ,FALSE,FALSE
Rajampet,Andhra Pradesh, 13,14,182 , 18,757 , 13,17,448 , (3,266), 76,071 ,FALSE,FALSE
RAJGARH,Madhya Pradesh, 14,24,176 , 4,821 , 14,25,911 , (1,735), 1,46,089 ,FALSE,FALSE
Rajkot,Gujarat, 12,60,778 , 12,764 , 12,60,768 , 10 , 4,84,260 ,FALSE,FALSE
Rajmahal,Jharkhand, 12,06,675 , 11,574 , 12,06,577 , 98 , 1,78,264 ,FALSE,FALSE
RAJNANDGAON,Chhattisgarh, 14,44,139 , 1,626 , 14,46,247 , (2,108), 44,411 ,FALSE,FALSE
RAJSAMAND,Rajasthan, 12,03,306 , 9,824 , 12,03,299 , 7 , 3,92,223 ,FALSE,FALSE
RAMANATHAPURAM,Tamil Nadu, 11,02,130 , 7,723 , 11,03,036 , (906), 1,66,782 ,FALSE,FALSE
Rampur,Uttar Pradesh, 9,66,744 , 1,335 , 9,67,200 , (456), 87,434 ,FALSE,FALSE
Ramtek,Maharashtra, 12,49,961 , 2,551 , 12,50,190 , (229), 76,768 ,FALSE,FALSE
Ranaghat,West Bengal, 15,31,996 , 8,636 , 15,32,304 , (308), 1,86,899 ,FALSE,FALSE
Ranchi,Jharkhand, 14,32,859 , 14,922 , 14,36,127 , (3,268), 1,20,512 ,FALSE,FALSE
RATLAM,Madhya Pradesh, 15,28,176 , 4,467 , 15,27,828 , 348 , 2,07,232 ,FALSE,FALSE
Ratnagiri- Sindhudurg,Maharashtra, 9,06,206 , 7,832 , 9,07,618 , (1,412), 47,858 ,FALSE,FALSE
Raver,Maharashtra, 11,69,365 , 2,301 , 11,70,944 , (1,579), 2,72,183 ,FALSE,FALSE
REWA,Madhya Pradesh, 9,14,978 , 3,151 , 9,15,444 , (466), 1,93,374 ,FALSE,FALSE
Robertsganj,Uttar Pradesh, 10,08,459 , 1,086 , 10,10,277 , (1,818), 1,29,234 ,FALSE,FALSE
ROHTAK,Haryana, 12,39,652 , 8,794 , 12,41,201 , (1,549), 3,45,298 ,FALSE,FALSE
Sabarkantha,Gujarat, 12,56,286 , 13,072 , 12,56,210 , 76 , 1,55,682 ,FALSE,FALSE
SAGAR,Madhya Pradesh, 11,47,932 , 2,617 , 11,47,866 , 66 , 4,71,222 ,FALSE,FALSE
Saharanpur,Uttar Pradesh, 12,27,175 , 2,280 , 12,27,083 , 92 , 64,542 ,FALSE,FALSE
SALEM,Tamil Nadu, 12,95,702 , 9,142 , 12,96,481 , (779), 70,357 ,FALSE,FALSE
Salempur,Uttar Pradesh, 9,13,701 , 3,661 , 9,13,009 , 692 , 3,573 ,FALSE,TRUE
Samastipur,Bihar, 10,92,821 , 1,771 , 10,93,182 , (361), 1,87,251 ,FALSE,FALSE
Sambalpur,Odisha, 11,90,616 , 6,131 , 11,92,226 , (1,610), 1,19,836 ,FALSE,FALSE
Sambhal,Uttar Pradesh, 11,93,721 , 1,262 , 11,94,209 , (488), 1,21,494 ,FALSE,FALSE
Sangli,Maharashtra, 11,63,363 , 5,381 , 11,63,353 , 10 , 1,00,053 ,FALSE,FALSE
Sangrur,Punjab, 10,05,403 , 4,262 , 10,06,048 , (645), 1,72,560 ,FALSE,FALSE
Sant Kabir Nagar,Uttar Pradesh, 10,88,750 , 2,452 , 10,89,154 , (404), 92,170 ,FALSE,FALSE
Saran,Bihar, 10,18,494 , 3,014 , 10,18,366 , 128 , 13,661 ,FALSE,FALSE
Sasaram,Bihar, 10,92,158 , 4,917 , 10,91,993 , 165 , 19,157 ,FALSE,FALSE
Satara,Maharashtra, 11,93,487 , 4,517 , 11,93,492 , (5), 32,771 ,FALSE,FALSE
SATNA,Madhya Pradesh, 10,56,421 , 2,551 , 10,56,175 , 246 , 84,949 ,FALSE,FALSE
Secunderabad,Telangana, 10,39,041 , 8,618 , 10,39,834 , (793), 49,944 ,FALSE,FALSE
SHAHDOL,Madhya Pradesh, 11,49,082 , 2,931 , 11,49,506 , (424), 3,97,340 ,FALSE,FALSE
Shahjahanpur,Uttar Pradesh, 12,43,585 , 4,317 , 12,44,364 , (779), 55,379 ,FALSE,FALSE
Sheohar,Bihar, 10,52,505 , 3,097 , 10,52,021 , 484 , 29,143 ,FALSE,FALSE
Shillong,Meghalaya, 10,33,451 , 4,460 , 10,33,251 , 200 , 3,71,910 ,FALSE,FALSE
SHIMLA,Himachal Pradesh, 9,58,978 , 10,987 , 9,59,445 , (467), 91,451 ,FALSE,FALSE
Shimoga,Karnataka, 13,72,668 , 4,556 , 13,72,949 , (281), 2,43,715 ,FALSE,FALSE
Shirdi,Maharashtra, 10,57,328 , 2,536 , 10,57,298 , 30 , 50,529 ,FALSE,FALSE
Shirur,Maharashtra, 13,72,797 , 1,667 , 13,75,593 , (2,796), 1,40,951 ,FALSE,FALSE
Shrawasti,Uttar Pradesh, 10,46,002 , 526 , 10,46,253 , (251), 76,673 ,FALSE,FALSE
SIDHI,Madhya Pradesh, 11,45,388 , 1,876 , 11,46,150 , (762), 2,06,416 ,FALSE,FALSE
SIKAR,Rajasthan, 12,74,311 , 26,545 , 12,74,270 , 41 , 72,896 ,FALSE,FALSE
Sikkim,Sikkim, 3,68,869 , 16,024 , 3,70,765 , (1,896), 80,830 ,FALSE,FALSE
Silchar,Assam, 10,82,612 , 6,814 , 10,82,616 , (4), 2,64,311 ,FALSE,FALSE
Singhbhum,Jharkhand, 9,99,884 , 7,713 , 10,03,482 , (3,598), 1,68,402 ,FALSE,FALSE
SIRSA,Haryana, 13,51,949 , 2,683 , 13,51,932 , 17 , 2,68,497 ,FALSE,FALSE
Sitamarhi,Bihar, 10,91,836 , 2,156 , 10,94,885 , (3,049), 51,356 ,FALSE,FALSE
Sitapur,Uttar Pradesh, 11,00,826 , 1,189 , 11,00,741 , 85 , 89,641 ,FALSE,FALSE
SIVAGANGA,Tamil Nadu, 10,48,358 , 5,061 , 10,49,887 , (1,529), 2,05,664 ,FALSE,FALSE
Siwan,Bihar, 9,95,506 , 2,512 , 9,95,416 , 90 , 92,857 ,FALSE,FALSE
Solapur,Maharashtra, 12,01,261 , 3,224 , 12,01,586 , (325), 74,197 ,FALSE,FALSE
SONIPAT,Haryana, 11,19,190 , 4,754 , 11,20,791 , (1,601), 21,816 ,FALSE,FALSE
Sonitpur,Assam, 12,81,074 , 7,394 , 12,81,959 , (885), 3,61,408 ,FALSE,FALSE
South Delhi,Delhi, 12,93,476 , 2,522 , 12,93,598 , (122), 1,24,333 ,FALSE,FALSE
South Goa,Goa, 4,45,924 , 4,596 , 4,45,916 , 8 , 13,535 ,FALSE,FALSE
Srerampur,West Bengal, 14,71,838 , 4,694 , 14,72,793 , (955), 1,74,830 ,FALSE,FALSE
Srikakulam,Andhra Pradesh, 12,08,912 , 26,774 , 12,14,128 , (5,216), 3,27,901 ,FALSE,FALSE
SRINAGAR,Jammu & Kashmir, 6,71,933 , 3,309 , 6,72,653 , (720), 1,88,416 ,FALSE,FALSE
SRIPERUMBUDUR,Tamil Nadu, 14,35,381 , 5,554 , 14,35,243 , 138 , 4,87,029 ,FALSE,FALSE
Sultanpur,Uttar Pradesh, 10,30,179 , 3,208 , 10,30,583 , (404), 43,174 ,FALSE,FALSE
Sundargarh,Odisha, 11,48,968 , 6,809 , 11,50,875 , (1,907), 1,38,808 ,FALSE,FALSE
Supaul,Bihar, 12,25,026 , 6,088 , 12,24,821 , 205 , 1,69,803 ,FALSE,FALSE
Surat,Gujarat, -   , -   , -   , -   ,,FALSE,
Surendranagar,Gujarat, 11,20,179 , 11,198 , 11,20,128 , 51 , 2,61,617 ,FALSE,FALSE
SURGUJA,Chhattisgarh, 14,53,064 , 2,205 , 14,53,444 , (380), 64,822 ,FALSE,FALSE
Tamluk,West Bengal, 15,68,214 , 9,105 , 15,69,233 , (1,019), 77,733 ,FALSE,FALSE
Tehri Garhwal,Uttarakhand, 8,46,803 , 15,238 , 8,48,186 , (1,383), 2,72,493 ,FALSE,FALSE
TENKASI,Tamil Nadu, 10,31,307 , 7,812 , 10,31,961 , (654), 1,96,199 ,FALSE,FALSE
Thane,Maharashtra, 13,04,427 , 4,641 , 13,06,194 , (1,767), 2,17,011 ,FALSE,FALSE
THANJAVUR,Tamil Nadu, 10,22,796 , 5,910 , 10,24,949 , (2,153), 3,19,583 ,FALSE,FALSE
THENI,Tamil Nadu, 11,33,569 , 7,650 , 11,33,513 , 56 , 2,78,825 ,FALSE,FALSE
Thirupathi(Sc),Andhra Pradesh, 13,65,358 , 17,212 , 13,68,362 , (3,004), 14,569 ,FALSE,TRUE
Thiruvananthapuram,Kerala, 9,50,874 , 12,109 , 9,50,829 , 45 , 16,077 ,FALSE,FALSE
THOOTHUKKUDI,Tamil Nadu, 9,73,066 , 5,460 , 9,75,468 , (2,402), 3,92,738 ,FALSE,FALSE
Thrissur,Kerala, 10,81,181 , 9,695 , 10,81,125 , 56 , 74,686 ,FALSE,FALSE
TIKAMGARH,Madhya Pradesh, 10,96,402 , 1,988 , 10,96,023 , 379 , 4,03,312 ,FALSE,FALSE
TIRUCHIRAPPALLI,Tamil Nadu, 10,48,165 , 7,799 , 10,49,093 , (928), 3,13,094 ,FALSE,FALSE
TIRUNELVELI,Tamil Nadu, 10,60,656 , 6,792 , 10,60,461 , 195 , 1,65,620 ,FALSE,FALSE
TIRUPPUR,Tamil Nadu, 11,36,443 , 6,106 , 11,35,998 , 445 , 1,25,928 ,FALSE,FALSE
TIRUVALLUR,Tamil Nadu, 14,13,947 , 3,865 , 14,30,738 , (16,791), 5,72,155 ,FALSE,FALSE
TIRUVANNAMALAI,Tamil Nadu, 11,37,264 , 9,009 , 11,38,102 , (838), 2,33,931 ,FALSE,FALSE
TONK-SAWAI MADHOPUR,Rajasthan, 12,14,246 , 12,338 , 12,15,309 , (1,063), 64,949 ,FALSE,FALSE
Tripura East,Tripura, 11,21,664 , 12,681 , 11,22,424 , (760), 4,86,819 ,FALSE,FALSE
Tripura West,Tripura, 11,92,487 , 17,322 , 11,92,435 , 52 , 6,11,578 ,FALSE,FALSE
Tumkur,Karnataka, 12,96,730 , 6,721 , 12,96,720 , 10 , 1,75,594 ,FALSE,FALSE
Tura,Meghalaya, 6,70,441 , 3,615 , 6,72,284 , (1,843), 1,55,241 ,FALSE,FALSE
UDAIPUR,Rajasthan, 14,87,355 , 11,021 , 14,87,268 , 87 , 2,61,608 ,FALSE,FALSE
UDHAMPUR,Jammu & Kashmir, 11,06,472 , 7,255 , 11,08,206 , (1,734), 1,24,373 ,FALSE,FALSE
Udupi Chikmagalur,Karnataka, 12,22,939 , 6,479 , 12,22,888 , 51 , 2,59,175 ,FALSE,FALSE
Ujiarpur,Bihar, 10,40,183 , 1,885 , 10,40,026 , 157 , 60,102 ,FALSE,FALSE
UJJAIN,Madhya Pradesh, 13,26,071 , 2,509 , 13,27,715 , (1,644), 3,75,860 ,FALSE,FALSE
Uluberia,West Bengal, 13,87,012 , 3,782 , 13,89,316 , (2,304), 2,18,673 ,FALSE,FALSE
Unnao,Uttar Pradesh, 12,98,002 , 4,269 , 12,98,677 , (675), 35,818 ,FALSE,FALSE
Uttara Kannada,Karnataka, 12,56,012 , 6,749 , 12,56,027 , (15), 3,37,428 ,FALSE,FALSE
Vadakara,Kerala, 11,10,765 , 12,182 , 11,14,950 , (4,185), 1,14,506 ,FALSE,FALSE
Vadodara,Gujarat, 12,00,380 , 11,769 , 12,00,768 , (388), 5,82,126 ,FALSE,FALSE
Vaishali,Bihar, 11,69,861 , 2,199 , 11,70,009 , (148), 89,634 ,FALSE,FALSE
Valmiki Nagar,Bihar, 10,98,897 , 2,933 , 10,99,781 , (884), 98,675 ,FALSE,FALSE
Valsad,Gujarat, 13,51,637 , 9,774 , 13,52,413 , (776), 2,10,704 ,FALSE,FALSE
Varanasi,Uttar Pradesh, 11,27,081 , 3,062 , 11,28,527 , (1,446), 1,52,513 ,FALSE,FALSE
VELLORE,Tamil Nadu, 11,23,625 , 5,833 , 11,23,715 , (90), 2,15,702 ,FALSE,FALSE
VIDISHA,Madhya Pradesh, 14,49,038 , 6,620 , 14,49,010 , 28 , 8,21,408 ,FALSE,FALSE
Vijayawada,Andhra Pradesh, 13,47,527 , 16,878 , 13,52,495 , (4,968), 2,82,085 ,FALSE,FALSE
VILUPPURAM,Tamil Nadu, 11,45,468 , 7,199 , 11,50,164 , (4,696), 70,703 ,FALSE,FALSE
VIRUDHUNAGAR,Tamil Nadu, 10,53,507 , 8,394 , 10,54,634 , (1,127), 4,379 ,FALSE,TRUE
Visakhapatnam,Andhra Pradesh, 13,66,795 , 20,330 , 13,70,484 , (3,689), 5,04,247 ,FALSE,FALSE
Vizianagaram,Andhra Pradesh, 12,78,710 , 20,532 , 12,84,886 , (6,176), 2,49,351 ,FALSE,FALSE
Warangal,Telangana, 12,55,435 , 12,511 , 12,56,301 , (866), 2,20,339 ,FALSE,FALSE
Wardha,Maharashtra, 10,90,347 , 4,665 , 10,91,351 , (1,004), 81,648 ,FALSE,FALSE
Wayanad,Kerala, 10,75,706 , 8,947 , 10,75,921 , (215), 3,64,422 ,FALSE,FALSE
West  Delhi,Delhi, 15,18,075 , 6,419 , 15,21,541 , (3,466), 1,99,013 ,FALSE,FALSE
Yavatmal- Washim,Maharashtra, 12,20,250 , 5,280 , 12,20,189 , 61 , 94,473 ,FALSE,FALSE
Zahirabad,Telangana, 12,25,027 , 11,566 , 12,25,049 , (22),46188,FALSE,FALSE
Nalanda,Bihar, 11,39,336 , 5,047 , 11,39,006 , 330 ,169114,FALSE,FALSE
Total,, 64,16,18,937 , 37,44,508 , 64,21,38,442 , (5,19,505),,,
